<?xml version="1.0" encoding="UTF-8" standalone="no"?><TaskList Version="2.0"><Task Active="false" ConnectorKind="gmail_imap" CreationDate="2015-12-05 11:54:07.0 -0500" DueDate="" EndDate="" Estimated="0" Handle="imap://mcmorrischen@gmail.com@imap.gmail.com-%3CCAJuntfcFfHkBGxGxcQ2NrFsCE6smrKoKdZMthHvVMR0Cx1EgKg%40mail.gmail.com%3E" IssueURL="" Kind="task" Label="Eclipse Task: MD [Sheila Balu &lt;balu.sheila@gmail.com&gt;]" MarkReadPending="true" ModificationDate="2015-12-05 11:54:07.0 -0500" Notes="" NotifiedIncoming="false" Owner="mcmorrischen@gmail.com" Priority="P3" Reminded="false" RepositoryUrl="imap://mcmorrischen@gmail.com@imap.gmail.com" ScheduledEndDate="2015-12-05 23:59:59.999 -0500" ScheduledStartDate="2015-11-29 00:00:00.0 -0500" Stale="false" TaskId="%3CCAJuntfcFfHkBGxGxcQ2NrFsCE6smrKoKdZMthHvVMR0Cx1EgKg%40mail.gmail.com%3E" offlineSyncState="SYNCHRONIZED"><Attribute Key="gmail_imap_THREAD_ID">15173109cab9d227</Attribute></Task><TaskCategory Handle="Uncategorized" Name="Uncategorized"/><Query ConnectorKind="gmail_imap" Handle="handle-1" LastRefreshTimeStamp="Dec 5, 15:11:28" Name="Maxwell's Demons" QueryString="" RepositoryUrl="imap://mcmorrischen@gmail.com@imap.gmail.com"><Attribute Key="gmail_imap_FOLDER">Programming</Attribute><QueryHit Handle="imap://mcmorrischen@gmail.com@imap.gmail.com-%3CCAJuntfcFfHkBGxGxcQ2NrFsCE6smrKoKdZMthHvVMR0Cx1EgKg%40mail.gmail.com%3E"/></Query></TaskList>