<?xml version="1.0" encoding="UTF-8"?><TaskState connectorKind="gmail_imap" repositoryUrl="imap://mcmorrischen@gmail.com@imap.gmail.com" taskId="%3CCAEWvZ4j0e34fhxNqjrQA37m_wFPXU%2B4N%2BsP2RFxEhg%3DO20VRsA%40mail.gmail.com%3E" version="2.0">
<NewData connectorKind="gmail_imap" repositoryUrl="imap://mcmorrischen@gmail.com@imap.gmail.com" taskId="%3CCAEWvZ4j0e34fhxNqjrQA37m_wFPXU%2B4N%2BsP2RFxEhg%3DO20VRsA%40mail.gmail.com%3E">
<Attributes>
<Attribute id="root">
<values/>
<options/>
<MetaData/>
<Attributes>
<Attribute id="summary">
<values>
<value>Eclipse Task: MD [Morris Chen &lt;mcmorrischen@gmail.com&gt;]</value>
</values>
<options/>
<MetaData>
<meta>
<key>task.meta.readOnly</key>
<value>false</value>
</meta>
<meta>
<key>task.meta.type</key>
<value>shortRichText</value>
</meta>
<meta>
<key>task.meta.required</key>
<value>false</value>
</meta>
<meta>
<key>task.meta.label</key>
<value>Summary:</value>
</meta>
</MetaData>
<Attributes/>
</Attribute>
<Attribute id="BODY">
<values>
<value>Testing&#13;
&#13;
Morris&#13;
&#13;
Sent from my neuronal synapses.&#13;
</value>
</values>
<options/>
<MetaData>
<meta>
<key>task.meta.readOnly</key>
<value>true</value>
</meta>
<meta>
<key>task.meta.type</key>
<value>longText</value>
</meta>
<meta>
<key>task.meta.required</key>
<value>false</value>
</meta>
<meta>
<key>task.meta.label</key>
<value>Body:</value>
</meta>
</MetaData>
<Attributes/>
</Attribute>
<Attribute id="html_body">
<values>
<value>&lt;div dir="ltr"&gt;Testing&lt;div&gt;&lt;br clear="all"&gt;&lt;div&gt;&lt;div class="gmail_signature"&gt;&lt;div dir="ltr"&gt;Morris&lt;div&gt;&lt;br&gt;&lt;/div&gt;&lt;div&gt;Sent from my neuronal synapses.&lt;/div&gt;&lt;/div&gt;&lt;/div&gt;&lt;/div&gt;&#13;
&lt;/div&gt;&lt;/div&gt;&#13;
</value>
</values>
<options/>
<MetaData>
<meta>
<key>task.meta.readOnly</key>
<value>true</value>
</meta>
<meta>
<key>task.meta.type</key>
<value>longRichText</value>
</meta>
<meta>
<key>task.meta.required</key>
<value>false</value>
</meta>
<meta>
<key>task.meta.label</key>
<value>Body:</value>
</meta>
</MetaData>
<Attributes/>
</Attribute>
<Attribute id="subject">
<values>
<value>Eclipse Task: MD</value>
</values>
<options/>
<MetaData>
<meta>
<key>task.meta.readOnly</key>
<value>true</value>
</meta>
<meta>
<key>task.meta.type</key>
<value>shortRichText</value>
</meta>
<meta>
<key>task.meta.required</key>
<value>false</value>
</meta>
<meta>
<key>task.meta.label</key>
<value>Original Subject:</value>
</meta>
</MetaData>
<Attributes/>
</Attribute>
<Attribute id="recipient">
<values>
<value>Morris Chen &lt;mcmorrischen@gmail.com&gt;</value>
</values>
<options/>
<MetaData>
<meta>
<key>task.meta.readOnly</key>
<value>true</value>
</meta>
<meta>
<key>task.meta.type</key>
<value>shortRichText</value>
</meta>
<meta>
<key>task.meta.required</key>
<value>false</value>
</meta>
<meta>
<key>task.meta.attributeKind</key>
<value>task.common.kind.default</value>
</meta>
<meta>
<key>task.meta.label</key>
<value>To:</value>
</meta>
</MetaData>
<Attributes/>
</Attribute>
<Attribute id="all_recipients">
<values>
<value>Morris Chen &lt;mcmorrischen@gmail.com&gt;</value>
</values>
<options/>
<MetaData>
<meta>
<key>task.meta.readOnly</key>
<value>true</value>
</meta>
<meta>
<key>task.meta.type</key>
<value>shortRichText</value>
</meta>
<meta>
<key>task.meta.required</key>
<value>false</value>
</meta>
<meta>
<key>task.meta.attributeKind</key>
<value>task.common.kind.default</value>
</meta>
<meta>
<key>task.meta.label</key>
<value>To:</value>
</meta>
</MetaData>
<Attributes/>
</Attribute>
<Attribute id="sender">
<values>
<value>Morris Chen &lt;mcmorrischen@gmail.com&gt;</value>
</values>
<options/>
<MetaData>
<meta>
<key>task.meta.readOnly</key>
<value>true</value>
</meta>
<meta>
<key>task.meta.type</key>
<value>shortRichText</value>
</meta>
<meta>
<key>task.meta.required</key>
<value>false</value>
</meta>
<meta>
<key>task.meta.attributeKind</key>
<value>task.common.kind.default</value>
</meta>
<meta>
<key>task.meta.label</key>
<value>From:</value>
</meta>
</MetaData>
<Attributes/>
</Attribute>
<Attribute id="sender_name">
<values>
<value>Morris Chen &lt;mcmorrischen@gmail.com&gt;</value>
</values>
<options/>
<MetaData>
<meta>
<key>task.meta.readOnly</key>
<value>true</value>
</meta>
<meta>
<key>task.meta.type</key>
<value>shortRichText</value>
</meta>
<meta>
<key>task.meta.required</key>
<value>false</value>
</meta>
<meta>
<key>task.meta.label</key>
<value>Sender Name:</value>
</meta>
</MetaData>
<Attributes/>
</Attribute>
<Attribute id="cc">
<values>
<value/>
</values>
<options/>
<MetaData>
<meta>
<key>task.meta.readOnly</key>
<value>true</value>
</meta>
<meta>
<key>task.meta.type</key>
<value>shortRichText</value>
</meta>
<meta>
<key>task.meta.required</key>
<value>false</value>
</meta>
<meta>
<key>task.meta.attributeKind</key>
<value>task.common.kind.default</value>
</meta>
<meta>
<key>task.meta.label</key>
<value>CC:</value>
</meta>
</MetaData>
<Attributes/>
</Attribute>
<Attribute id="reply">
<values>
<value>Morris Chen &lt;mcmorrischen@gmail.com&gt;, </value>
</values>
<options/>
<MetaData>
<meta>
<key>task.meta.readOnly</key>
<value>true</value>
</meta>
<meta>
<key>task.meta.type</key>
<value>shortRichText</value>
</meta>
<meta>
<key>task.meta.required</key>
<value>false</value>
</meta>
<meta>
<key>task.meta.attributeKind</key>
<value>task.common.kind.default</value>
</meta>
<meta>
<key>task.meta.label</key>
<value>Reply-To:</value>
</meta>
</MetaData>
<Attributes/>
</Attribute>
<Attribute id="message_id">
<values>
<value>&lt;CAEWvZ4j0e34fhxNqjrQA37m_wFPXU+4N+sP2RFxEhg=O20VRsA@mail.gmail.com&gt;</value>
</values>
<options/>
<MetaData>
<meta>
<key>task.meta.readOnly</key>
<value>true</value>
</meta>
<meta>
<key>task.meta.type</key>
<value>shortRichText</value>
</meta>
<meta>
<key>task.meta.required</key>
<value>false</value>
</meta>
<meta>
<key>task.meta.label</key>
<value>Message ID:</value>
</meta>
</MetaData>
<Attributes/>
</Attribute>
<Attribute id="thread_id">
<values>
<value>15172f964c554d28</value>
</values>
<options/>
<MetaData>
<meta>
<key>task.meta.readOnly</key>
<value>true</value>
</meta>
<meta>
<key>task.meta.type</key>
<value>shortRichText</value>
</meta>
<meta>
<key>task.meta.required</key>
<value>false</value>
</meta>
<meta>
<key>task.meta.label</key>
<value>Thread ID:</value>
</meta>
</MetaData>
<Attributes/>
</Attribute>
<Attribute id="original_task_id">
<values>
<value>%3CCAEWvZ4j0e34fhxNqjrQA37m_wFPXU%2B4N%2BsP2RFxEhg%3DO20VRsA%40mail.gmail.com%3E</value>
</values>
<options/>
<MetaData>
<meta>
<key>task.meta.readOnly</key>
<value>true</value>
</meta>
<meta>
<key>task.meta.type</key>
<value>shortRichText</value>
</meta>
<meta>
<key>task.meta.required</key>
<value>false</value>
</meta>
<meta>
<key>task.meta.label</key>
<value>Task Id:</value>
</meta>
</MetaData>
<Attributes/>
</Attribute>
<Attribute id="date_recieved">
<values>
<value>1449332925000</value>
</values>
<options/>
<MetaData>
<meta>
<key>task.meta.readOnly</key>
<value>true</value>
</meta>
<meta>
<key>task.meta.type</key>
<value>date</value>
</meta>
<meta>
<key>task.meta.required</key>
<value>false</value>
</meta>
<meta>
<key>task.meta.label</key>
<value>Date Received:</value>
</meta>
</MetaData>
<Attributes/>
</Attribute>
<Attribute id="is_complete">
<values>
<value>false</value>
</values>
<options/>
<MetaData>
<meta>
<key>task.meta.readOnly</key>
<value>true</value>
</meta>
<meta>
<key>task.meta.type</key>
<value>boolean</value>
</meta>
<meta>
<key>task.meta.required</key>
<value>false</value>
</meta>
<meta>
<key>task.meta.label</key>
<value>Completed:</value>
</meta>
</MetaData>
<Attributes/>
</Attribute>
<Attribute id="attachments">
<values>
<value>0</value>
</values>
<options/>
<MetaData>
<meta>
<key>task.meta.readOnly</key>
<value>true</value>
</meta>
<meta>
<key>task.meta.type</key>
<value>shortRichText</value>
</meta>
<meta>
<key>task.meta.required</key>
<value>false</value>
</meta>
<meta>
<key>task.meta.attributeKind</key>
<value>task.common.kind.default</value>
</meta>
<meta>
<key>task.meta.label</key>
<value>Attachments:</value>
</meta>
</MetaData>
<Attributes/>
</Attribute>
<Attribute id="date_modified">
<values>
<value>1449334447000</value>
</values>
<options/>
<MetaData>
<meta>
<key>task.meta.readOnly</key>
<value>true</value>
</meta>
<meta>
<key>task.meta.type</key>
<value>date</value>
</meta>
<meta>
<key>task.meta.required</key>
<value>false</value>
</meta>
<meta>
<key>task.meta.label</key>
<value>Date Modified:</value>
</meta>
</MetaData>
<Attributes/>
</Attribute>
<Attribute id="task.common.comment-1">
<values>
<value>1</value>
</values>
<options/>
<MetaData>
<meta>
<key>task.meta.readOnly</key>
<value>true</value>
</meta>
<meta>
<key>task.meta.type</key>
<value>comment</value>
</meta>
<meta>
<key>task.meta.required</key>
<value>false</value>
</meta>
<meta>
<key>task.meta.associated.attribute</key>
<value>task.common.comment.text</value>
</meta>
</MetaData>
<Attributes>
<Attribute id="html_body">
<values>
<value>&lt;div dir="ltr"&gt;Boo&lt;/div&gt;&#13;
</value>
</values>
<options/>
<MetaData>
<meta>
<key>task.meta.readOnly</key>
<value>true</value>
</meta>
<meta>
<key>task.meta.type</key>
<value>longRichText</value>
</meta>
<meta>
<key>task.meta.required</key>
<value>false</value>
</meta>
<meta>
<key>task.meta.label</key>
<value>Body:</value>
</meta>
</MetaData>
<Attributes/>
</Attribute>
<Attribute id="all_recipients">
<values>
<value>mcmorrischen@gmail.com</value>
</values>
<options/>
<MetaData>
<meta>
<key>task.meta.readOnly</key>
<value>true</value>
</meta>
<meta>
<key>task.meta.type</key>
<value>shortRichText</value>
</meta>
<meta>
<key>task.meta.required</key>
<value>false</value>
</meta>
<meta>
<key>task.meta.attributeKind</key>
<value>task.common.kind.default</value>
</meta>
<meta>
<key>task.meta.label</key>
<value>To:</value>
</meta>
</MetaData>
<Attributes/>
</Attribute>
<Attribute id="task.common.key">
<values>
<value>&lt;CAJuntfcFfHkBGxGxcQ2NrFsCE6smrKoKdZMthHvVMR0Cx1EgKg@mail.gmail.com&gt;</value>
</values>
<options/>
<MetaData>
<meta>
<key>task.meta.readOnly</key>
<value>true</value>
</meta>
<meta>
<key>task.meta.type</key>
<value>shortText</value>
</meta>
<meta>
<key>task.meta.required</key>
<value>false</value>
</meta>
</MetaData>
<Attributes/>
</Attribute>
<Attribute id="task.common.comment.author">
<values>
<value>Sheila Balu &lt;balu.sheila@gmail.com&gt;</value>
</values>
<options/>
<MetaData>
<meta>
<key>task.meta.label</key>
<value>Author</value>
</meta>
<meta>
<key>task.meta.type</key>
<value>person</value>
</meta>
<meta>
<key>task.meta.readOnly</key>
<value>true</value>
</meta>
<meta>
<key>task.meta.required</key>
<value>false</value>
</meta>
</MetaData>
<Attributes/>
</Attribute>
<Attribute id="task.common.comment.date">
<values>
<value>1449334447000</value>
</values>
<options/>
<MetaData>
<meta>
<key>task.meta.label</key>
<value>Created</value>
</meta>
<meta>
<key>task.meta.type</key>
<value>dateTime</value>
</meta>
<meta>
<key>task.meta.readOnly</key>
<value>true</value>
</meta>
<meta>
<key>task.meta.required</key>
<value>false</value>
</meta>
</MetaData>
<Attributes/>
</Attribute>
<Attribute id="task.common.comment.number">
<values>
<value>1</value>
</values>
<options/>
<MetaData>
<meta>
<key>task.meta.label</key>
<value>Number</value>
</meta>
<meta>
<key>task.meta.type</key>
<value>integer</value>
</meta>
<meta>
<key>task.meta.readOnly</key>
<value>true</value>
</meta>
<meta>
<key>task.meta.required</key>
<value>false</value>
</meta>
</MetaData>
<Attributes/>
</Attribute>
<Attribute id="task.common.comment.text">
<values>
<value>Boo&#13;
</value>
</values>
<options/>
<MetaData>
<meta>
<key>task.meta.label</key>
<value>Description</value>
</meta>
<meta>
<key>task.meta.type</key>
<value>longRichText</value>
</meta>
<meta>
<key>task.meta.readOnly</key>
<value>true</value>
</meta>
<meta>
<key>task.meta.required</key>
<value>false</value>
</meta>
</MetaData>
<Attributes/>
</Attribute>
<Attribute id="summary">
<values>
<value>Eclipse Task: MD [Sheila Balu &lt;balu.sheila@gmail.com&gt;]</value>
</values>
<options/>
<MetaData>
<meta>
<key>task.meta.readOnly</key>
<value>false</value>
</meta>
<meta>
<key>task.meta.type</key>
<value>shortRichText</value>
</meta>
<meta>
<key>task.meta.required</key>
<value>false</value>
</meta>
<meta>
<key>task.meta.label</key>
<value>Summary:</value>
</meta>
</MetaData>
<Attributes/>
</Attribute>
<Attribute id="BODY">
<values>
<value>Boo&#13;
</value>
</values>
<options/>
<MetaData>
<meta>
<key>task.meta.readOnly</key>
<value>true</value>
</meta>
<meta>
<key>task.meta.type</key>
<value>longText</value>
</meta>
<meta>
<key>task.meta.required</key>
<value>false</value>
</meta>
<meta>
<key>task.meta.label</key>
<value>Body:</value>
</meta>
</MetaData>
<Attributes/>
</Attribute>
<Attribute id="subject">
<values>
<value>Eclipse Task: MD</value>
</values>
<options/>
<MetaData>
<meta>
<key>task.meta.readOnly</key>
<value>true</value>
</meta>
<meta>
<key>task.meta.type</key>
<value>shortRichText</value>
</meta>
<meta>
<key>task.meta.required</key>
<value>false</value>
</meta>
<meta>
<key>task.meta.label</key>
<value>Original Subject:</value>
</meta>
</MetaData>
<Attributes/>
</Attribute>
<Attribute id="recipient">
<values>
<value>mcmorrischen@gmail.com</value>
</values>
<options/>
<MetaData>
<meta>
<key>task.meta.readOnly</key>
<value>true</value>
</meta>
<meta>
<key>task.meta.type</key>
<value>shortRichText</value>
</meta>
<meta>
<key>task.meta.required</key>
<value>false</value>
</meta>
<meta>
<key>task.meta.attributeKind</key>
<value>task.common.kind.default</value>
</meta>
<meta>
<key>task.meta.label</key>
<value>To:</value>
</meta>
</MetaData>
<Attributes/>
</Attribute>
<Attribute id="sender">
<values>
<value>Sheila Balu &lt;balu.sheila@gmail.com&gt;</value>
</values>
<options/>
<MetaData>
<meta>
<key>task.meta.readOnly</key>
<value>true</value>
</meta>
<meta>
<key>task.meta.type</key>
<value>shortRichText</value>
</meta>
<meta>
<key>task.meta.required</key>
<value>false</value>
</meta>
<meta>
<key>task.meta.attributeKind</key>
<value>task.common.kind.default</value>
</meta>
<meta>
<key>task.meta.label</key>
<value>From:</value>
</meta>
</MetaData>
<Attributes/>
</Attribute>
<Attribute id="sender_name">
<values>
<value>Sheila Balu &lt;balu.sheila@gmail.com&gt;</value>
</values>
<options/>
<MetaData>
<meta>
<key>task.meta.readOnly</key>
<value>true</value>
</meta>
<meta>
<key>task.meta.type</key>
<value>shortRichText</value>
</meta>
<meta>
<key>task.meta.required</key>
<value>false</value>
</meta>
<meta>
<key>task.meta.label</key>
<value>Sender Name:</value>
</meta>
</MetaData>
<Attributes/>
</Attribute>
<Attribute id="cc">
<values>
<value/>
</values>
<options/>
<MetaData>
<meta>
<key>task.meta.readOnly</key>
<value>true</value>
</meta>
<meta>
<key>task.meta.type</key>
<value>shortRichText</value>
</meta>
<meta>
<key>task.meta.required</key>
<value>false</value>
</meta>
<meta>
<key>task.meta.attributeKind</key>
<value>task.common.kind.default</value>
</meta>
<meta>
<key>task.meta.label</key>
<value>CC:</value>
</meta>
</MetaData>
<Attributes/>
</Attribute>
<Attribute id="reply">
<values>
<value>Sheila Balu &lt;balu.sheila@gmail.com&gt;, </value>
</values>
<options/>
<MetaData>
<meta>
<key>task.meta.readOnly</key>
<value>true</value>
</meta>
<meta>
<key>task.meta.type</key>
<value>shortRichText</value>
</meta>
<meta>
<key>task.meta.required</key>
<value>false</value>
</meta>
<meta>
<key>task.meta.attributeKind</key>
<value>task.common.kind.default</value>
</meta>
<meta>
<key>task.meta.label</key>
<value>Reply-To:</value>
</meta>
</MetaData>
<Attributes/>
</Attribute>
<Attribute id="message_id">
<values>
<value>&lt;CAJuntfcFfHkBGxGxcQ2NrFsCE6smrKoKdZMthHvVMR0Cx1EgKg@mail.gmail.com&gt;</value>
</values>
<options/>
<MetaData>
<meta>
<key>task.meta.readOnly</key>
<value>true</value>
</meta>
<meta>
<key>task.meta.type</key>
<value>shortRichText</value>
</meta>
<meta>
<key>task.meta.required</key>
<value>false</value>
</meta>
<meta>
<key>task.meta.label</key>
<value>Message ID:</value>
</meta>
</MetaData>
<Attributes/>
</Attribute>
<Attribute id="thread_id">
<values>
<value>15173109cab9d227</value>
</values>
<options/>
<MetaData>
<meta>
<key>task.meta.readOnly</key>
<value>true</value>
</meta>
<meta>
<key>task.meta.type</key>
<value>shortRichText</value>
</meta>
<meta>
<key>task.meta.required</key>
<value>false</value>
</meta>
<meta>
<key>task.meta.label</key>
<value>Thread ID:</value>
</meta>
</MetaData>
<Attributes/>
</Attribute>
<Attribute id="original_task_id">
<values>
<value>%3CCAJuntfcFfHkBGxGxcQ2NrFsCE6smrKoKdZMthHvVMR0Cx1EgKg%40mail.gmail.com%3E</value>
</values>
<options/>
<MetaData>
<meta>
<key>task.meta.readOnly</key>
<value>true</value>
</meta>
<meta>
<key>task.meta.type</key>
<value>shortRichText</value>
</meta>
<meta>
<key>task.meta.required</key>
<value>false</value>
</meta>
<meta>
<key>task.meta.label</key>
<value>Task Id:</value>
</meta>
</MetaData>
<Attributes/>
</Attribute>
<Attribute id="date_recieved">
<values>
<value>1449334447000</value>
</values>
<options/>
<MetaData>
<meta>
<key>task.meta.readOnly</key>
<value>true</value>
</meta>
<meta>
<key>task.meta.type</key>
<value>date</value>
</meta>
<meta>
<key>task.meta.required</key>
<value>false</value>
</meta>
<meta>
<key>task.meta.label</key>
<value>Date Received:</value>
</meta>
</MetaData>
<Attributes/>
</Attribute>
<Attribute id="is_complete">
<values>
<value>false</value>
</values>
<options/>
<MetaData>
<meta>
<key>task.meta.readOnly</key>
<value>true</value>
</meta>
<meta>
<key>task.meta.type</key>
<value>boolean</value>
</meta>
<meta>
<key>task.meta.required</key>
<value>false</value>
</meta>
<meta>
<key>task.meta.label</key>
<value>Completed:</value>
</meta>
</MetaData>
<Attributes/>
</Attribute>
<Attribute id="attachments">
<values>
<value>0</value>
</values>
<options/>
<MetaData>
<meta>
<key>task.meta.readOnly</key>
<value>true</value>
</meta>
<meta>
<key>task.meta.type</key>
<value>shortRichText</value>
</meta>
<meta>
<key>task.meta.required</key>
<value>false</value>
</meta>
<meta>
<key>task.meta.attributeKind</key>
<value>task.common.kind.default</value>
</meta>
<meta>
<key>task.meta.label</key>
<value>Attachments:</value>
</meta>
</MetaData>
<Attributes/>
</Attribute>
</Attributes>
</Attribute>
</Attributes>
</Attribute>
</Attributes>
</NewData>
</TaskState>
