<?xml version="1.0" encoding="UTF-8"?><TaskState connectorKind="gmail_imap" repositoryUrl="imap://mcmorrischen@gmail.com@imap.gmail.com" taskId="%3CCAEWvZ4g55K%3Dw3dGkUskWXCxALLY5X%3D0i9pDzt8QVaFDdfK67 Psg%40mail.gmail.com%3E" version="2.0">
<NewData connectorKind="gmail_imap" repositoryUrl="imap://mcmorrischen@gmail.com@imap.gmail.com" taskId="%3CCAEWvZ4g55K%3Dw3dGkUskWXCxALLY5X%3D0i9pDzt8QVaFDdfK67 Psg%40mail.gmail.com%3E" version="3.0">
<Attributes>
<Attribute id="root">
<values/>
<options/>
<MetaData/>
<Attributes>
<Attribute id="summary">
<values>
<value>Task 1 [Morris Chen &lt;mcmorrischen@gmail.com&gt;]</value>
</values>
<options/>
<MetaData>
<meta>
<key>task.meta.readOnly</key>
<value>false</value>
</meta>
<meta>
<key>task.meta.type</key>
<value>shortRichText</value>
</meta>
<meta>
<key>task.meta.required</key>
<value>false</value>
</meta>
<meta>
<key>task.meta.label</key>
<value>Summary:</value>
</meta>
</MetaData>
<Attributes/>
</Attribute>
<Attribute id="BODY">
<values>
<value>Do Nothing.&#13;
&#13;
Morris&#13;
&#13;
Sent from my neuronal synapses.&#13;
</value>
</values>
<options/>
<MetaData>
<meta>
<key>task.meta.readOnly</key>
<value>true</value>
</meta>
<meta>
<key>task.meta.type</key>
<value>longText</value>
</meta>
<meta>
<key>task.meta.required</key>
<value>false</value>
</meta>
<meta>
<key>task.meta.label</key>
<value>Body:</value>
</meta>
</MetaData>
<Attributes/>
</Attribute>
<Attribute id="html_body">
<values>
<value>&lt;div dir="ltr"&gt;&lt;div&gt;Do Nothing.&lt;/div&gt;&lt;br clear="all"&gt;&lt;div&gt;&lt;div class="gmail_signature"&gt;&lt;div dir="ltr"&gt;Morris&lt;div&gt;&lt;br&gt;&lt;/div&gt;&lt;div&gt;Sent from my neuronal synapses.&lt;/div&gt;&lt;/div&gt;&lt;/div&gt;&lt;/div&gt;&#13;
&lt;/div&gt;&#13;
</value>
</values>
<options/>
<MetaData>
<meta>
<key>task.meta.readOnly</key>
<value>true</value>
</meta>
<meta>
<key>task.meta.type</key>
<value>longRichText</value>
</meta>
<meta>
<key>task.meta.required</key>
<value>false</value>
</meta>
<meta>
<key>task.meta.label</key>
<value>Body:</value>
</meta>
</MetaData>
<Attributes/>
</Attribute>
<Attribute id="subject">
<values>
<value>Task 1</value>
</values>
<options/>
<MetaData>
<meta>
<key>task.meta.readOnly</key>
<value>true</value>
</meta>
<meta>
<key>task.meta.type</key>
<value>shortRichText</value>
</meta>
<meta>
<key>task.meta.required</key>
<value>false</value>
</meta>
<meta>
<key>task.meta.label</key>
<value>Original Subject:</value>
</meta>
</MetaData>
<Attributes/>
</Attribute>
<Attribute id="recipient">
<values>
<value>Morris Chen &lt;mcmorrischen@gmail.com&gt;</value>
</values>
<options/>
<MetaData>
<meta>
<key>task.meta.readOnly</key>
<value>true</value>
</meta>
<meta>
<key>task.meta.type</key>
<value>shortRichText</value>
</meta>
<meta>
<key>task.meta.required</key>
<value>false</value>
</meta>
<meta>
<key>task.meta.attributeKind</key>
<value>task.common.kind.default</value>
</meta>
<meta>
<key>task.meta.label</key>
<value>To:</value>
</meta>
</MetaData>
<Attributes/>
</Attribute>
<Attribute id="all_recipients">
<values>
<value>Morris Chen &lt;mcmorrischen@gmail.com&gt;</value>
</values>
<options/>
<MetaData>
<meta>
<key>task.meta.readOnly</key>
<value>true</value>
</meta>
<meta>
<key>task.meta.type</key>
<value>shortRichText</value>
</meta>
<meta>
<key>task.meta.required</key>
<value>false</value>
</meta>
<meta>
<key>task.meta.attributeKind</key>
<value>task.common.kind.default</value>
</meta>
<meta>
<key>task.meta.label</key>
<value>To:</value>
</meta>
</MetaData>
<Attributes/>
</Attribute>
<Attribute id="sender">
<values>
<value>Morris Chen &lt;mcmorrischen@gmail.com&gt;</value>
</values>
<options/>
<MetaData>
<meta>
<key>task.meta.readOnly</key>
<value>true</value>
</meta>
<meta>
<key>task.meta.type</key>
<value>shortRichText</value>
</meta>
<meta>
<key>task.meta.required</key>
<value>false</value>
</meta>
<meta>
<key>task.meta.attributeKind</key>
<value>task.common.kind.default</value>
</meta>
<meta>
<key>task.meta.label</key>
<value>From:</value>
</meta>
</MetaData>
<Attributes/>
</Attribute>
<Attribute id="sender_name">
<values>
<value>Morris Chen &lt;mcmorrischen@gmail.com&gt;</value>
</values>
<options/>
<MetaData>
<meta>
<key>task.meta.readOnly</key>
<value>true</value>
</meta>
<meta>
<key>task.meta.type</key>
<value>shortRichText</value>
</meta>
<meta>
<key>task.meta.required</key>
<value>false</value>
</meta>
<meta>
<key>task.meta.label</key>
<value>Sender Name:</value>
</meta>
</MetaData>
<Attributes/>
</Attribute>
<Attribute id="cc">
<values>
<value/>
</values>
<options/>
<MetaData>
<meta>
<key>task.meta.readOnly</key>
<value>true</value>
</meta>
<meta>
<key>task.meta.type</key>
<value>shortRichText</value>
</meta>
<meta>
<key>task.meta.required</key>
<value>false</value>
</meta>
<meta>
<key>task.meta.attributeKind</key>
<value>task.common.kind.default</value>
</meta>
<meta>
<key>task.meta.label</key>
<value>CC:</value>
</meta>
</MetaData>
<Attributes/>
</Attribute>
<Attribute id="reply">
<values>
<value>Morris Chen &lt;mcmorrischen@gmail.com&gt;, </value>
</values>
<options/>
<MetaData>
<meta>
<key>task.meta.readOnly</key>
<value>true</value>
</meta>
<meta>
<key>task.meta.type</key>
<value>shortRichText</value>
</meta>
<meta>
<key>task.meta.required</key>
<value>false</value>
</meta>
<meta>
<key>task.meta.attributeKind</key>
<value>task.common.kind.default</value>
</meta>
<meta>
<key>task.meta.label</key>
<value>Reply-To:</value>
</meta>
</MetaData>
<Attributes/>
</Attribute>
<Attribute id="message_id">
<values>
<value>&lt;CAEWvZ4g55K=w3dGkUskWXCxALLY5X=0i9pDzt8QVaFDdfK-Psg@mail.gmail.com&gt;</value>
</values>
<options/>
<MetaData>
<meta>
<key>task.meta.readOnly</key>
<value>true</value>
</meta>
<meta>
<key>task.meta.type</key>
<value>shortRichText</value>
</meta>
<meta>
<key>task.meta.required</key>
<value>false</value>
</meta>
<meta>
<key>task.meta.label</key>
<value>Message ID:</value>
</meta>
</MetaData>
<Attributes/>
</Attribute>
<Attribute id="thread_id">
<values>
<value>15172ef30b1bebe4</value>
</values>
<options/>
<MetaData>
<meta>
<key>task.meta.readOnly</key>
<value>true</value>
</meta>
<meta>
<key>task.meta.type</key>
<value>shortRichText</value>
</meta>
<meta>
<key>task.meta.required</key>
<value>false</value>
</meta>
<meta>
<key>task.meta.label</key>
<value>Thread ID:</value>
</meta>
</MetaData>
<Attributes/>
</Attribute>
<Attribute id="original_task_id">
<values>
<value>%3CCAEWvZ4g55K%3Dw3dGkUskWXCxALLY5X%3D0i9pDzt8QVaFDdfK67 Psg%40mail.gmail.com%3E</value>
</values>
<options/>
<MetaData>
<meta>
<key>task.meta.readOnly</key>
<value>true</value>
</meta>
<meta>
<key>task.meta.type</key>
<value>shortRichText</value>
</meta>
<meta>
<key>task.meta.required</key>
<value>false</value>
</meta>
<meta>
<key>task.meta.label</key>
<value>Task Id:</value>
</meta>
</MetaData>
<Attributes/>
</Attribute>
<Attribute id="date_recieved">
<values>
<value>1449332257000</value>
</values>
<options/>
<MetaData>
<meta>
<key>task.meta.readOnly</key>
<value>true</value>
</meta>
<meta>
<key>task.meta.type</key>
<value>date</value>
</meta>
<meta>
<key>task.meta.required</key>
<value>false</value>
</meta>
<meta>
<key>task.meta.label</key>
<value>Date Received:</value>
</meta>
</MetaData>
<Attributes/>
</Attribute>
<Attribute id="is_complete">
<values>
<value>false</value>
</values>
<options/>
<MetaData>
<meta>
<key>task.meta.readOnly</key>
<value>true</value>
</meta>
<meta>
<key>task.meta.type</key>
<value>boolean</value>
</meta>
<meta>
<key>task.meta.required</key>
<value>false</value>
</meta>
<meta>
<key>task.meta.label</key>
<value>Completed:</value>
</meta>
</MetaData>
<Attributes/>
</Attribute>
<Attribute id="attachments">
<values>
<value>0</value>
</values>
<options/>
<MetaData>
<meta>
<key>task.meta.readOnly</key>
<value>true</value>
</meta>
<meta>
<key>task.meta.type</key>
<value>shortRichText</value>
</meta>
<meta>
<key>task.meta.required</key>
<value>false</value>
</meta>
<meta>
<key>task.meta.attributeKind</key>
<value>task.common.kind.default</value>
</meta>
<meta>
<key>task.meta.label</key>
<value>Attachments:</value>
</meta>
</MetaData>
<Attributes/>
</Attribute>
<Attribute id="date_modified">
<values>
<value>1449332257000</value>
</values>
<options/>
<MetaData>
<meta>
<key>task.meta.readOnly</key>
<value>true</value>
</meta>
<meta>
<key>task.meta.type</key>
<value>date</value>
</meta>
<meta>
<key>task.meta.required</key>
<value>false</value>
</meta>
<meta>
<key>task.meta.label</key>
<value>Date Modified:</value>
</meta>
</MetaData>
<Attributes/>
</Attribute>
</Attributes>
</Attribute>
</Attributes>
</NewData>
</TaskState>
